date,title,summary,link,sentiment
2025-10-05,Hamas Agrees to Release Israeli Hostages But Sets Conditions,"President Donald Trump responded favorably to the Hamas statement, even though the group failed to address other key elements of his 20-point proposal that Israel has also demanded, including that it disarm.  “I believe they are ready for a lasting PEACE,” Trump said of Hamas in a social media post.",https://finance.yahoo.com/news/hamas-agrees-release-hostages-sets-202120833.html?.tsrc=rss,0.0644
2025-10-04,Analysts Are Pounding the Table on This 1 Under-the-Radar Crypto Stock,"With crypto trading woven back into Webull’s app, Rosenblatt initiates BULL at “Buy,” signaling confidence in growth ahead.",https://www.barchart.com/story/news/35226216/analysts-are-pounding-the-table-on-this-1-under-the-radar-crypto-stock?.tsrc=rss,0.7096
2025-10-04,MARA Reports Growth of 4% Bitcoin Production for September 2025 Despite High Difficulty,"MARA Holdings, Inc. (NASDAQ: MARA) reported a 5% increase in Bitcoin BTC $121 831 24h volatility: 1.0% Market cap: $2.43 T Vol. 24h: $47.71 B blocks won during September, with its mining operations generating 736 BTC, a 4% month-over-month increase. The company’s management attributed its improved performance to operational consistency ...",https://www.coinspeaker.com/mara-reports-growth-of-4-bitcoin-production-for-september-2025-despite-high-difficulty/?.tsrc=rss,0.9207
2025-10-04,Walmart’s OnePay to Introduce Crypto Trading and Custody: Report,"OnePay, the fintech firm majority-owned by Walmart, is preparing to roll out cryptocurrency trading and custody features in its mobile app, according to a report from CNBC.The move would allow millions of U.S. consumers to buy, hold, and potentially spend digital assets like Bitcoin and Ethereum directly through OnePay’s platform. ...",https://cryptonews.com/news/walmarts-onepay-to-introduce-crypto-trading-and-custody-report/?.tsrc=rss,0.6249
2025-10-04,"Bitcoin hits $122K; small caps, industrials, utilities new highs","Yahoo Finance anchor Julie Hyman examines some of the biggest stories of Friday's trading session as part of Yahoo Finance's Market Minute, including the Russell 2000's (^RUT) fresh record high, industrial (XLI) and utilities (XLU) sectors' artificial intelligence (AI)–fueled gains, and bitcoin (BTC-USD) topping $122,000. Stay up to date on the latest market action, minute-by-minute, with Yahoo Finance's Market Minute.",https://finance.yahoo.com/video/bitcoin-hits-122k-small-caps-161824774.html?.tsrc=rss,0.7783
2025-10-04,Why this analyst thinks Bitcoin price will hit a fresh record high next week,"Investing.com -- Bitcoin could be about to set a new all-time high, according to Standard Chartered’s global head of digital assets research, Geoff Kendrick.",https://finance.yahoo.com/news/why-analyst-thinks-bitcoin-price-153910668.html?.tsrc=rss,0.4588
2025-10-04,Bitcoin gears up for 'Uptober' gains it could see this month,"As US stocks (^DJI, ^IXIC, ^GSPC) see gains amid the government shutdown that coincided with the start of October, this could be an even bigger month for bitcoin (BTC-USD) and crypto at large. Compass Point Research has coined the month as ""Uptober"" for the bitcoin gains that have historically materialized. Yahoo Finance senior reporter Ines Ferré and PNC Asset Management Group CIO Amanda Agati comment on the uptrends for crypto and broader markets. To watch more expert insights and analysis on the latest market action, check out more Opening Bid.",https://finance.yahoo.com/video/bitcoin-gears-uptober-gains-could-140220288.html?.tsrc=rss,0.8271
2025-10-04,Rothschild backs Coinbase while flags risks at Circle and Robinhood,"Investing.com -- Rothschild & Co took diverging views across three high-profile crypto-linked stocks, upgrading Coinbase to Buy while starting Circle CRCL) at Neutral and reiterating a Sell on Robinhood, arguing that investors should favour platform scale and diversification over pure retail trading exposure.",https://finance.yahoo.com/news/rothschild-backs-coinbase-while-flags-135425089.html?.tsrc=rss,-0.34
2025-10-04,"Riot mined 445 Bitcoin in September, down 7% from August","The company now holds 19,287 BTC.",https://blockspace.media/insight/riot-mined-445-bitcoin-in-september-2025-down-7-from-august/?.tsrc=rss,-0.5574
2025-10-04,"CleanSpark mined 629 Bitcoin in September, down 4.3% from August","The company now holds 13,011 BTC.",https://blockspace.media/insight/cleanspark-mined-629-bitcoin-in-september-down-4-3-from-august/?.tsrc=rss,0.0
2025-10-04,Stablecoin Market Cap Surpasses $300 Billion as Crypto Market Rallies,"For the first time in history, the total market capitalization of stablecoins has jumped to $300 billion. As is usually the case, Tether’s USD-pegged stablecoin USDT USDT $1.00 24h volatility: 0.0% Market cap: $176.31 B Vol. 24h: $88.39 B and Circle’s USDC USDC $1.00 24h volatility: 0.0% Market cap: $75.36 ...",https://www.coinspeaker.com/stablecoin-market-cap-300b-crypto-rally/?.tsrc=rss,0.0
2025-10-04,"MARA mined 736 Bitcoin in September, up 4% from August","MARA now holds 52,850 BTC.",https://blockspace.media/insight/mara-mined-736-bitcoin-in-september-up-4-from-august/?.tsrc=rss,0.0
2025-10-04,Vanguard Rivals Finally Get Hands On Its Tax-Busting Fund Design,"Now, in what could be the most consequential shift in the American investment industry in years, Vanguard is finally set to lose that competitive edge.  Dozens of rival asset managers are on the brink of adopting the same structure, after the US Securities and Exchange Commission indicated it will allow the quantitative firm Dimensional Fund Advisors to do so in the coming weeks.  Roughly 80 more competitors are in the queue for approval, including nearly every major name in the business.",https://finance.yahoo.com/news/vanguard-rivals-finally-hands-tax-114604033.html?.tsrc=rss,0.7717
2025-10-04,"BTC, Gold Jump as Shutdown Delays Data, Fuels Rate-Cut Bets: Crypto Daybook Americas","Your day-ahead look for Oct. 3, 2025",https://www.coindesk.com/daybook-us/2025/10/03/btc-gold-jump-as-shutdown-delays-data-fuels-rate-cut-bets-crypto-daybook-americas?.tsrc=rss,0.0
2025-10-04,Gold prices near all-time highs as US shutdown continues,Investors continued to pile into safe-haven assets amid uncertainty as to how the US government will be locked down for,https://uk.finance.yahoo.com/news/gold-prices-all-time-highs-us-shutdown-oil-pound-latest-104905247.html?.tsrc=rss,-0.1779
2025-10-04,Privacy Coins Quietly Outperform Bitcoin and Ethereum With 71.6% Gains in 2025,"Privacy coins outpace Bitcoin and Ethereum in 2025, with Zcash leading gains despite muted public interest.",https://beincrypto.com/privacy-coins-outperform-crypto-2025/?.tsrc=rss,0.3226
2025-10-04,"[LIVE] Crypto News Today, October 3 – Bitcoin Price Breaks $120K As Altcoin Season Index Rises To 66: Best Crypto To Buy Now?","BTC USD is catapulting markets today. Bitcoin now sits around $118,500 after a 3.5% climb over 24 hours, and Nvidia is also in the news today after becoming the first company to hit $4.5 trillion valuation. Bitcoin, at around $2.36 trillion, would need another doubling to eclipse Nvidia. A steep ...",https://99bitcoins.com/news/altcoins/live-crypto-news-today-october-3-bitcoin-price-breaks-120k-as-altcoin-season-index-rises-to-66-best-crypto-to-buy-now/?.tsrc=rss,0.6369
2025-10-04,Bitcoin News: BTC Price Hits $120K with Spot ETFs Crossing $600M in Inflows,"Bitcoin BTC $121 831 24h volatility: 1.0% Market cap: $2.43 T Vol. 24h: $47.71 B jumped to $120,000 this week, briefly hitting $121,000 and moving close to its all-time high of $124,457 from August. As CoinMarketCap data shows, the price is up almost 10% in the past week, supported by ...",https://www.coinspeaker.com/bitcoin-120k-etf-inflows-181k-forecast/?.tsrc=rss,0.3182
2025-10-04,Best savings account deals with inflation-beating rates,Check the best savings accounts to find a top-rated deal that works for you.,https://uk.finance.yahoo.com/news/best-savings-accounts-deals-bank-england-inflation-rates-144830673.html?.tsrc=rss,0.8555
2025-10-04,"Over $4 Billion Bitcoin and Ethereum Options Expire as BTC Reclaims $120,000","Bitcoin tops $120,000 as $4.3 billion in BTC and ETH options expire. With max pain at $115K, traders face potential rebalancing pressure.",https://beincrypto.com/4-billion-bitcoin-ethereum-options-expire/?.tsrc=rss,-0.296
